﻿الأمر,الوصف,مثال,Files
!متجر_النظام,يعرض عناصر المتجر النظامي (VIP، تغيير اللون، إلخ).,!متجر_النظام,https://via.placeholder.com/15/00ff00?text=+
!شراء [اسم_العنصر],لشراء عنصر من متجر النظام.,!شراء VIP,
!بيع [اسم_العنصر] [السعر] [الوصف],لإضافة عنصر إلى متجر اللاعبين للبيع.,!بيع سيف_نادر 500 قوة+20,
!متجر_اللاعبين,يعرض جميع الإعلانات النشطة في متجر اللاعبين.,!متجر_اللاعبين,https://via.placeholder.com/15/00ff00?text=+
!شراء_من_المتجر [رقم_الإعلان],لشراء عنصر من متجر اللاعبين.,!شراء_من_المتجر 3,